cycle,shape,rep,session,role,leg,route,board,board_sha256,code,run_dir,log,samples,tool,identity_ok,settled_pose_ok,contacts,contacts_recorded,evidence_N_N,covered,seq_contiguous,reset_in_window,displacement_soda_can_m,displacement_foam_block_m,displacement_max_m,object_disturbance_gt_1mm,gate_accepted,tail_target,tail_mode,tail_line,tail_verdict,start_variant,droop_class,notebook_outcome,elapsed_s,compliance_waited_s,outcome
stage0-B1-s1,,,s1,armon,stage0-B1-s1-armon,RAISE_TO_SIDE (label only),B1_evidence,f577fc47616ab1b4d68e0173c1adec6d1110039372f0f68bed31e7f7d6715346,e6c30b7,e1_server_runs/run_20260919_090342,route_clearance_RAISE_TO_SIDE_20260919T090518Z.json,280,reachy.turn_on('r_arm') (stage0 notebook),True,True,0,True,703/703,True,True,False,1.08e-07,2.04e-09,1.08e-07,False,yes,INIT,end,tail_samples=61 (last 3.0s)  max_spread_deg=0.0,STAGE0_INIT_OK=yes,,,returned,0.059142459,0.056090334,pass
S2-B1-a-r1,a,1,s1,parked,S2-B1-a-r1-parked,RAISE_TO_SIDE,B1_evidence,f577fc47616ab1b4d68e0173c1adec6d1110039372f0f68bed31e7f7d6715346,e6c30b7,e1_server_runs/run_20260919_090342,route_clearance_RAISE_TO_SIDE_20260919T090601Z.json,60,none (reset before),True,True,0,True,153/153,True,True,False,1.79e-07,4.45e-10,1.79e-07,False,yes,HOME,start,tail_samples=60 (last 3.0s)  max_gross_err_deg=0.0  max_spread_deg=0.0  r_gripper=-0.0 (target -45.0),PARKED_AT_HOME=NO,stiff-zero,n/a,n/a,,,pass
S2-B1-a-r1,a,1,s1,setup,S2-B1-a-r1-setup,RAISE_TO_SIDE,B1_evidence,f577fc47616ab1b4d68e0173c1adec6d1110039372f0f68bed31e7f7d6715346,e6c30b7,e1_server_runs/run_20260919_090342,route_clearance_RAISE_TO_SIDE_20260919T091738Z.json,1192,primitives.raise_to_side,True,True,0,True,2984/2984,True,True,False,6.3e-08,8.56e-09,6.3e-08,False,yes,PRESENT,end,tail_samples=60 (last 3.0s)  max_gross_err_deg=1.0  max_spread_deg=0.0  r_gripper=-45.0 (target -45.0),PARKED_AT_PRESENT=yes,,D0 (route completed),returned,33.247933375,0.055792167,pass
S2-B1-a-r1,a,1,s1,flight,S2-B1-a-r1-flight,LOWER_TO_REST,B1_evidence,f577fc47616ab1b4d68e0173c1adec6d1110039372f0f68bed31e7f7d6715346,e6c30b7,e1_server_runs/run_20260919_090342,route_clearance_LOWER_TO_REST_20260919T091932Z.json,748,rig_motion.from_present,True,True,0,True,1874/1874,True,True,False,1.17e-07,5.47e-09,1.17e-07,False,yes,REST,end,tail_samples=60 (last 3.0s)  max_gross_err_deg=0.3  max_spread_deg=0.0  r_gripper=-45.0 (target -45.0),PARKED_AT_REST=yes,,D0 (route completed),returned,6.701065041,0.0521065,pass
S2-B1-b-r1,b,1,s1,parked,S2-B1-b-r1-parked,PLACE_ROUTE,B1_evidence,f577fc47616ab1b4d68e0173c1adec6d1110039372f0f68bed31e7f7d6715346,e6c30b7,e1_server_runs/run_20260919_090342,route_clearance_PLACE_ROUTE_20260919T092046Z.json,60,none (reset before),True,True,0,True,154/154,True,True,False,2.42e-07,4.28e-10,2.42e-07,False,yes,HOME,start,tail_samples=60 (last 3.0s)  max_gross_err_deg=0.0  max_spread_deg=0.0  r_gripper=-0.0 (target -45.0),PARKED_AT_HOME=NO,stiff-zero,n/a,n/a,,,pass
S2-B1-b-r1,b,1,s1,flight,S2-B1-b-r1-flight,PLACE_ROUTE,B1_evidence,f577fc47616ab1b4d68e0173c1adec6d1110039372f0f68bed31e7f7d6715346,e6c30b7,e1_server_runs/run_20260919_090342,route_clearance_PLACE_ROUTE_20260919T092204Z.json,1282,rig_motion.deploy_to_rest,True,True,0,True,3209/3209,True,True,False,5.4e-07,4.42e-09,5.4e-07,False,yes,REST,end,tail_samples=60 (last 3.0s)  max_gross_err_deg=0.6  max_spread_deg=0.0  r_gripper=-44.2 (target -45.0),PARKED_AT_REST=yes,,D0 (route completed),returned,33.569724209,0.055647208,pass
S2-B1-c-r1,c,1,s1,parked,S2-B1-c-r1-parked,PLACE_ROUTE,B1_evidence,f577fc47616ab1b4d68e0173c1adec6d1110039372f0f68bed31e7f7d6715346,e6c30b7,e1_server_runs/run_20260919_090342,route_clearance_PLACE_ROUTE_20260919T092350Z.json,60,none (reset before),True,True,0,True,155/155,True,True,False,2.42e-07,4.28e-10,2.42e-07,False,yes,HOME,start,tail_samples=60 (last 3.0s)  max_gross_err_deg=0.0  max_spread_deg=0.0  r_gripper=-0.0 (target -45.0),PARKED_AT_HOME=NO,stiff-zero,n/a,n/a,,,pass
S2-B1-c-r1,c,1,s1,setup,S2-B1-c-r1-setup,PLACE_ROUTE,B1_evidence,f577fc47616ab1b4d68e0173c1adec6d1110039372f0f68bed31e7f7d6715346,e6c30b7,e1_server_runs/run_20260919_090342,route_clearance_PLACE_ROUTE_20260919T092510Z.json,1282,rig_motion.deploy_to_rest,True,True,0,True,3208/3208,True,True,False,1.11e-07,4.36e-09,1.11e-07,False,yes,REST,end,tail_samples=61 (last 3.0s)  max_gross_err_deg=0.3  max_spread_deg=0.0  r_gripper=-45.0 (target -45.0),PARKED_AT_REST=yes,,D0 (route completed),returned,33.624110292,0.058055459,pass
S2-B1-c-r1,c,1,s1,flight,S2-B1-c-r1-flight,LIFT_TO_PRESENT,B1_evidence,f577fc47616ab1b4d68e0173c1adec6d1110039372f0f68bed31e7f7d6715346,e6c30b7,e1_server_runs/run_20260919_090342,route_clearance_LIFT_TO_PRESENT_20260919T092711Z.json,682,rig_motion.to_present,True,True,0,True,1709/1709,True,True,False,3.37e-08,4.97e-09,3.37e-08,False,yes,PRESENT,end,tail_samples=61 (last 3.0s)  max_gross_err_deg=1.0  max_spread_deg=0.0  r_gripper=-45.0 (target -45.0),PARKED_AT_PRESENT=yes,,D0 (route completed),returned,3.384084709,0.053944792,pass
S2-B1-a-r2,a,2,s1,parked,S2-B1-a-r2-parked,RAISE_TO_SIDE,B1_evidence,f577fc47616ab1b4d68e0173c1adec6d1110039372f0f68bed31e7f7d6715346,e6c30b7,e1_server_runs/run_20260919_090342,route_clearance_RAISE_TO_SIDE_20260919T092945Z.json,60,none (reset before),True,True,0,True,154/154,True,True,False,1.34e-07,4.22e-10,1.34e-07,False,yes,HOME,start,tail_samples=60 (last 3.0s)  max_gross_err_deg=0.0  max_spread_deg=0.0  r_gripper=-0.0 (target -45.0),PARKED_AT_HOME=NO,stiff-zero,n/a,n/a,,,pass
S2-B1-a-r2,a,2,s1,setup,S2-B1-a-r2-setup,RAISE_TO_SIDE,B1_evidence,f577fc47616ab1b4d68e0173c1adec6d1110039372f0f68bed31e7f7d6715346,e6c30b7,e1_server_runs/run_20260919_090342,route_clearance_RAISE_TO_SIDE_20260919T093104Z.json,1192,primitives.raise_to_side,True,True,0,True,2984/2984,True,True,False,1.75e-07,4.08e-09,1.75e-07,False,yes,PRESENT,end,tail_samples=60 (last 3.0s)  max_gross_err_deg=2.5  max_spread_deg=0.0  r_gripper=-45.0 (target -45.0),PARKED_AT_PRESENT=yes,,D0 (route completed),returned,33.268109833,0.052409458,pass
S2-B1-a-r2,a,2,s1,flight,S2-B1-a-r2-flight,LOWER_TO_REST,B1_evidence,f577fc47616ab1b4d68e0173c1adec6d1110039372f0f68bed31e7f7d6715346,e6c30b7,e1_server_runs/run_20260919_090342,route_clearance_LOWER_TO_REST_20260919T093320Z.json,748,rig_motion.from_present,True,True,0,True,1874/1874,True,True,False,1.97e-07,5.45e-09,1.97e-07,False,yes,REST,end,tail_samples=60 (last 3.0s)  max_gross_err_deg=0.3  max_spread_deg=0.0  r_gripper=-45.0 (target -45.0),PARKED_AT_REST=yes,,D0 (route completed),returned,6.696979208,0.058454875,pass
S2-B1-b-r2,b,2,s1,parked,S2-B1-b-r2-parked,PLACE_ROUTE,B1_evidence,f577fc47616ab1b4d68e0173c1adec6d1110039372f0f68bed31e7f7d6715346,e6c30b7,e1_server_runs/run_20260919_090342,route_clearance_PLACE_ROUTE_20260919T093451Z.json,60,none (reset before),True,True,0,True,154/154,True,True,False,1.86e-07,4.36e-10,1.86e-07,False,yes,HOME,start,tail_samples=60 (last 3.0s)  max_gross_err_deg=0.0  max_spread_deg=0.0  r_gripper=-0.0 (target -45.0),PARKED_AT_HOME=NO,stiff-zero,n/a,n/a,,,pass
S2-B1-b-r2,b,2,s1,flight,S2-B1-b-r2-flight,PLACE_ROUTE,B1_evidence,f577fc47616ab1b4d68e0173c1adec6d1110039372f0f68bed31e7f7d6715346,e6c30b7,e1_server_runs/run_20260919_090342,route_clearance_PLACE_ROUTE_20260919T093617Z.json,1282,rig_motion.deploy_to_rest,True,True,0,True,3209/3209,True,True,False,4.05e-07,4.37e-09,4.05e-07,False,yes,REST,end,tail_samples=60 (last 3.0s)  max_gross_err_deg=0.3  max_spread_deg=0.0  r_gripper=-45.0 (target -45.0),PARKED_AT_REST=yes,,D0 (route completed),returned,33.611264166,0.058679709,pass
S2-B1-c-r2,c,2,s1,parked,S2-B1-c-r2-parked,PLACE_ROUTE,B1_evidence,f577fc47616ab1b4d68e0173c1adec6d1110039372f0f68bed31e7f7d6715346,e6c30b7,e1_server_runs/run_20260919_090342,route_clearance_PLACE_ROUTE_20260919T093835Z.json,60,none (reset before),True,True,0,True,154/154,True,True,False,1.52e-07,4.42e-10,1.52e-07,False,yes,HOME,start,tail_samples=60 (last 3.0s)  max_gross_err_deg=0.0  max_spread_deg=0.0  r_gripper=-0.0 (target -45.0),PARKED_AT_HOME=NO,stiff-zero,n/a,n/a,,,pass
S2-B1-c-r2,c,2,s1,setup,S2-B1-c-r2-setup,PLACE_ROUTE,B1_evidence,f577fc47616ab1b4d68e0173c1adec6d1110039372f0f68bed31e7f7d6715346,e6c30b7,e1_server_runs/run_20260919_090342,route_clearance_PLACE_ROUTE_20260919T094004Z.json,1282,rig_motion.deploy_to_rest,True,True,0,True,3208/3208,True,True,False,2.91e-07,4.39e-09,2.91e-07,False,yes,REST,end,tail_samples=61 (last 3.0s)  max_gross_err_deg=0.6  max_spread_deg=0.0  r_gripper=-44.5 (target -45.0),PARKED_AT_REST=yes,,D0 (route completed),returned,33.589420417,0.0517845,pass
S2-B1-c-r2,c,2,s1,flight,S2-B1-c-r2-flight,LIFT_TO_PRESENT,B1_evidence,f577fc47616ab1b4d68e0173c1adec6d1110039372f0f68bed31e7f7d6715346,e6c30b7,e1_server_runs/run_20260919_090342,route_clearance_LIFT_TO_PRESENT_20260919T094248Z.json,682,rig_motion.to_present,True,True,0,True,1709/1709,True,True,False,3.1e-07,4.97e-09,3.1e-07,False,yes,PRESENT,end,tail_samples=61 (last 3.0s)  max_gross_err_deg=2.2  max_spread_deg=0.0  r_gripper=-45.0 (target -45.0),PARKED_AT_PRESENT=yes,,D0 (route completed),returned,3.383730833,0.052178875,pass
S2-B1-a-r3,a,3,s1,parked,S2-B1-a-r3-parked,RAISE_TO_SIDE,B1_evidence,f577fc47616ab1b4d68e0173c1adec6d1110039372f0f68bed31e7f7d6715346,e6c30b7,e1_server_runs/run_20260919_090342,route_clearance_RAISE_TO_SIDE_20260919T094444Z.json,60,none (reset before),True,True,0,True,154/154,True,True,False,3.5e-07,4.36e-10,3.5e-07,False,yes,HOME,start,tail_samples=60 (last 3.0s)  max_gross_err_deg=0.0  max_spread_deg=0.0  r_gripper=-0.0 (target -45.0),PARKED_AT_HOME=NO,stiff-zero,n/a,n/a,,,pass
S2-B1-a-r3,a,3,s1,setup,S2-B1-a-r3-setup,RAISE_TO_SIDE,B1_evidence,f577fc47616ab1b4d68e0173c1adec6d1110039372f0f68bed31e7f7d6715346,e6c30b7,e1_server_runs/run_20260919_090342,route_clearance_RAISE_TO_SIDE_20260919T094611Z.json,1192,primitives.raise_to_side,True,True,0,True,2984/2984,True,True,False,3.04e-07,8.04e-09,3.04e-07,False,yes,PRESENT,end,tail_samples=60 (last 3.0s)  max_gross_err_deg=2.5  max_spread_deg=0.0  r_gripper=-45.1 (target -45.0),PARKED_AT_PRESENT=yes,,D0 (route completed),returned,33.242098875,0.056267958,pass
S2-B1-a-r3,a,3,s1,flight,S2-B1-a-r3-flight,LOWER_TO_REST,B1_evidence,f577fc47616ab1b4d68e0173c1adec6d1110039372f0f68bed31e7f7d6715346,e6c30b7,e1_server_runs/run_20260919_090342,route_clearance_LOWER_TO_REST_20260919T094910Z.json,748,rig_motion.from_present,True,True,0,True,1873/1873,True,True,False,1.7e-07,5.46e-09,1.7e-07,False,yes,REST,end,tail_samples=60 (last 3.0s)  max_gross_err_deg=0.6  max_spread_deg=0.0  r_gripper=-44.6 (target -45.0),PARKED_AT_REST=yes,,D0 (route completed),returned,6.702388334,0.055584458,pass
S2-B1-b-r3,b,3,s1,parked,S2-B1-b-r3-parked,PLACE_ROUTE,B1_evidence,f577fc47616ab1b4d68e0173c1adec6d1110039372f0f68bed31e7f7d6715346,e6c30b7,e1_server_runs/run_20260919_090342,route_clearance_PLACE_ROUTE_20260919T095111Z.json,60,none (reset before),True,True,0,True,155/155,True,True,False,1.92e-07,4.34e-10,1.92e-07,False,yes,HOME,start,tail_samples=60 (last 3.0s)  max_gross_err_deg=0.0  max_spread_deg=0.0  r_gripper=-0.0 (target -45.0),PARKED_AT_HOME=NO,stiff-zero,n/a,n/a,,,pass
S2-B1-b-r3,b,3,s1,flight,S2-B1-b-r3-flight,PLACE_ROUTE,B1_evidence,f577fc47616ab1b4d68e0173c1adec6d1110039372f0f68bed31e7f7d6715346,e6c30b7,e1_server_runs/run_20260919_090342,route_clearance_PLACE_ROUTE_20260919T095247Z.json,1282,rig_motion.deploy_to_rest,True,True,0,True,3209/3209,True,True,False,3.02e-07,9.18e-09,3.02e-07,False,yes,REST,end,tail_samples=60 (last 3.0s)  max_gross_err_deg=0.6  max_spread_deg=0.0  r_gripper=-44.5 (target -45.0),PARKED_AT_REST=yes,,D0 (route completed),returned,33.601403458,0.053117167,pass
S2-B1-c-r3,c,3,s1,parked,S2-B1-c-r3-parked,PLACE_ROUTE,B1_evidence,f577fc47616ab1b4d68e0173c1adec6d1110039372f0f68bed31e7f7d6715346,e6c30b7,e1_server_runs/run_20260919_090342,route_clearance_PLACE_ROUTE_20260919T095554Z.json,60,none (reset before),True,True,0,True,153/153,True,True,False,2.29e-07,4.3e-10,2.29e-07,False,yes,HOME,start,tail_samples=60 (last 3.0s)  max_gross_err_deg=0.0  max_spread_deg=0.0  r_gripper=-0.0 (target -45.0),PARKED_AT_HOME=NO,stiff-zero,n/a,n/a,,,pass
S2-B1-c-r3,c,3,s1,setup,S2-B1-c-r3-setup,PLACE_ROUTE,B1_evidence,f577fc47616ab1b4d68e0173c1adec6d1110039372f0f68bed31e7f7d6715346,e6c30b7,e1_server_runs/run_20260919_090342,route_clearance_PLACE_ROUTE_20260919T095732Z.json,1282,rig_motion.deploy_to_rest,True,True,0,True,3208/3208,True,True,False,3.51e-07,9.17e-09,3.51e-07,False,yes,REST,end,tail_samples=61 (last 3.0s)  max_gross_err_deg=0.6  max_spread_deg=0.0  r_gripper=-44.3 (target -45.0),PARKED_AT_REST=yes,,D0 (route completed),returned,34.457374792,0.054879583,pass
S2-B1-c-r3,c,3,s1,flight,S2-B1-c-r3-flight,LIFT_TO_PRESENT,B1_evidence,f577fc47616ab1b4d68e0173c1adec6d1110039372f0f68bed31e7f7d6715346,e6c30b7,e1_server_runs/run_20260919_090342,route_clearance_LIFT_TO_PRESENT_20260919T100106Z.json,682,rig_motion.to_present,True,True,0,True,1709/1709,True,True,False,2.89e-07,4.98e-09,2.89e-07,False,yes,PRESENT,end,tail_samples=61 (last 3.0s)  max_gross_err_deg=3.4  max_spread_deg=0.0  r_gripper=-45.1 (target -45.0),PARKED_AT_PRESENT=yes,,D0 (route completed),returned,3.380588958,0.057287917,pass
S2-B1-a-r4,a,4,s1,parked,S2-B1-a-r4-parked,RAISE_TO_SIDE,B1_evidence,f577fc47616ab1b4d68e0173c1adec6d1110039372f0f68bed31e7f7d6715346,e6c30b7,e1_server_runs/run_20260919_090342,route_clearance_RAISE_TO_SIDE_20260919T100334Z.json,60,none (reset before),True,True,0,True,154/154,True,True,False,7.6e-08,4.37e-10,7.6e-08,False,yes,HOME,start,tail_samples=60 (last 3.0s)  max_gross_err_deg=0.0  max_spread_deg=0.0  r_gripper=-0.0 (target -45.0),PARKED_AT_HOME=NO,stiff-zero,n/a,n/a,,,pass
S2-B1-a-r4,a,4,s1,setup,S2-B1-a-r4-setup,RAISE_TO_SIDE,B1_evidence,f577fc47616ab1b4d68e0173c1adec6d1110039372f0f68bed31e7f7d6715346,e6c30b7,e1_server_runs/run_20260919_090342,route_clearance_RAISE_TO_SIDE_20260919T100513Z.json,1192,primitives.raise_to_side,True,True,0,True,2983/2983,True,True,False,4.65e-07,4.06e-09,4.65e-07,False,yes,PRESENT,end,tail_samples=60 (last 3.0s)  max_gross_err_deg=1.0  max_spread_deg=0.0  r_gripper=-45.0 (target -45.0),PARKED_AT_PRESENT=yes,,D0 (route completed),returned,33.241418166,0.057924625,pass
S2-B1-a-r4,a,4,s1,flight,S2-B1-a-r4-flight,LOWER_TO_REST,B1_evidence,f577fc47616ab1b4d68e0173c1adec6d1110039372f0f68bed31e7f7d6715346,e6c30b7,e1_server_runs/run_20260919_090342,route_clearance_LOWER_TO_REST_20260919T100904Z.json,748,rig_motion.from_present,True,True,0,True,1874/1874,True,True,False,1.51e-07,5.45e-09,1.51e-07,False,yes,REST,end,tail_samples=61 (last 3.0s)  max_gross_err_deg=0.6  max_spread_deg=0.0  r_gripper=-45.0 (target -45.0),PARKED_AT_REST=yes,,D0 (route completed),returned,6.718576666,0.054340875,pass
S2-B1-b-r4,b,4,s1,parked,S2-B1-b-r4-parked,PLACE_ROUTE,B1_evidence,f577fc47616ab1b4d68e0173c1adec6d1110039372f0f68bed31e7f7d6715346,e6c30b7,e1_server_runs/run_20260919_090342,route_clearance_PLACE_ROUTE_20260919T101144Z.json,60,none (reset before),True,True,0,True,154/154,True,True,False,1.46e-07,4.33e-10,1.46e-07,False,yes,HOME,start,tail_samples=60 (last 3.0s)  max_gross_err_deg=0.0  max_spread_deg=0.0  r_gripper=-0.0 (target -45.0),PARKED_AT_HOME=NO,stiff-zero,n/a,n/a,,,pass
S2-B1-b-r4,b,4,s1,flight,S2-B1-b-r4-flight,PLACE_ROUTE,B1_evidence,f577fc47616ab1b4d68e0173c1adec6d1110039372f0f68bed31e7f7d6715346,e6c30b7,e1_server_runs/run_20260919_090342,route_clearance_PLACE_ROUTE_20260919T101332Z.json,1282,rig_motion.deploy_to_rest,True,True,0,True,3209/3209,True,True,False,5.6e-07,4.25e-09,5.6e-07,False,yes,REST,end,tail_samples=61 (last 3.0s)  max_gross_err_deg=0.3  max_spread_deg=0.0  r_gripper=-45.0 (target -45.0),PARKED_AT_REST=yes,,D0 (route completed),returned,34.417758084,0.05111425,pass
S2-B1-c-r4,c,4,s1,parked,S2-B1-c-r4-parked,PLACE_ROUTE,B1_evidence,f577fc47616ab1b4d68e0173c1adec6d1110039372f0f68bed31e7f7d6715346,e6c30b7,e1_server_runs/run_20260919_090342,route_clearance_PLACE_ROUTE_20260919T101738Z.json,60,none (reset before),True,True,0,True,154/154,True,True,False,2.68e-07,4.19e-10,2.68e-07,False,yes,HOME,start,tail_samples=60 (last 3.0s)  max_gross_err_deg=0.0  max_spread_deg=0.0  r_gripper=-0.0 (target -45.0),PARKED_AT_HOME=NO,stiff-zero,n/a,n/a,,,pass
S2-B1-c-r4,c,4,s1,setup,S2-B1-c-r4-setup,PLACE_ROUTE,B1_evidence,f577fc47616ab1b4d68e0173c1adec6d1110039372f0f68bed31e7f7d6715346,e6c30b7,e1_server_runs/run_20260919_090342,route_clearance_PLACE_ROUTE_20260919T101930Z.json,1282,rig_motion.deploy_to_rest,True,True,0,True,3208/3208,True,True,False,7.13e-07,9.22e-09,7.13e-07,False,yes,REST,end,tail_samples=61 (last 3.0s)  max_gross_err_deg=0.6  max_spread_deg=0.0  r_gripper=-44.6 (target -45.0),PARKED_AT_REST=yes,,D0 (route completed),returned,33.59747775,0.059497125,pass
S2-B1-c-r4,c,4,s1,flight,S2-B1-c-r4-flight,LIFT_TO_PRESENT,B1_evidence,f577fc47616ab1b4d68e0173c1adec6d1110039372f0f68bed31e7f7d6715346,e6c30b7,e1_server_runs/run_20260919_090342,route_clearance_LIFT_TO_PRESENT_20260919T102410Z.json,682,rig_motion.to_present,True,True,0,True,1708/1708,True,True,False,7.18e-08,4.97e-09,7.18e-08,False,yes,PRESENT,end,tail_samples=61 (last 3.0s)  max_gross_err_deg=4.0  max_spread_deg=0.0  r_gripper=-45.1 (target -45.0),PARKED_AT_PRESENT=yes,,D0 (route completed),returned,3.368819584,0.052686292,pass
S2-B1-a-r5,a,5,s1,parked,S2-B1-a-r5-parked,RAISE_TO_SIDE,B1_evidence,f577fc47616ab1b4d68e0173c1adec6d1110039372f0f68bed31e7f7d6715346,e6c30b7,e1_server_runs/run_20260919_090342,route_clearance_RAISE_TO_SIDE_20260919T102710Z.json,60,none (reset before),True,True,0,True,154/154,True,True,False,3.11e-07,4.21e-10,3.11e-07,False,yes,HOME,start,tail_samples=60 (last 3.0s)  max_gross_err_deg=0.0  max_spread_deg=0.0  r_gripper=-0.0 (target -45.0),PARKED_AT_HOME=NO,stiff-zero,n/a,n/a,,,pass
S2-B1-a-r5,a,5,s1,setup,S2-B1-a-r5-setup,RAISE_TO_SIDE,B1_evidence,f577fc47616ab1b4d68e0173c1adec6d1110039372f0f68bed31e7f7d6715346,e6c30b7,e1_server_runs/run_20260919_090342,route_clearance_RAISE_TO_SIDE_20260919T102902Z.json,1192,primitives.raise_to_side,True,True,0,True,2984/2984,True,True,False,2e-07,8.52e-09,2e-07,False,yes,PRESENT,end,tail_samples=61 (last 3.0s)  max_gross_err_deg=3.1  max_spread_deg=0.0  r_gripper=-45.1 (target -45.0),PARKED_AT_PRESENT=yes,,D0 (route completed),returned,33.229974208,0.05153125,pass
S2-B1-a-r5,a,5,s1,flight,S2-B1-a-r5-flight,LOWER_TO_REST,B1_evidence,f577fc47616ab1b4d68e0173c1adec6d1110039372f0f68bed31e7f7d6715346,e6c30b7,e1_server_runs/run_20260919_090342,route_clearance_LOWER_TO_REST_20260919T103410Z.json,748,rig_motion.from_present,True,True,0,True,1873/1873,True,True,False,3.51e-07,5.44e-09,3.51e-07,False,yes,REST,end,tail_samples=61 (last 3.0s)  max_gross_err_deg=0.6  max_spread_deg=0.0  r_gripper=-44.4 (target -45.0),PARKED_AT_REST=yes,,D0 (route completed),returned,6.702275167,0.051135417,pass
S2-B1-b-r5,b,5,s1,parked,S2-B1-b-r5-parked,PLACE_ROUTE,B1_evidence,f577fc47616ab1b4d68e0173c1adec6d1110039372f0f68bed31e7f7d6715346,e6c30b7,e1_server_runs/run_20260919_090342,route_clearance_PLACE_ROUTE_20260919T103737Z.json,60,none (reset before),True,True,0,True,154/154,True,True,False,1.78e-07,4.36e-10,1.78e-07,False,yes,HOME,start,tail_samples=60 (last 3.0s)  max_gross_err_deg=0.0  max_spread_deg=0.0  r_gripper=-0.0 (target -45.0),PARKED_AT_HOME=NO,stiff-zero,n/a,n/a,,,pass
S2-B1-b-r5,b,5,s1,flight,S2-B1-b-r5-flight,PLACE_ROUTE,B1_evidence,f577fc47616ab1b4d68e0173c1adec6d1110039372f0f68bed31e7f7d6715346,e6c30b7,e1_server_runs/run_20260919_090342,route_clearance_PLACE_ROUTE_20260919T103941Z.json,1282,rig_motion.deploy_to_rest,True,True,0,True,3209/3209,True,True,False,5.21e-07,9.18e-09,5.21e-07,False,yes,REST,end,tail_samples=60 (last 3.0s)  max_gross_err_deg=0.8  max_spread_deg=0.0  r_gripper=-44.3 (target -45.0),PARKED_AT_REST=yes,,D0 (route completed),returned,33.6475,0.054248084,pass
S2-B1-c-r5,c,5,s1,parked,S2-B1-c-r5-parked,PLACE_ROUTE,B1_evidence,f577fc47616ab1b4d68e0173c1adec6d1110039372f0f68bed31e7f7d6715346,e6c30b7,e1_server_runs/run_20260919_090342,route_clearance_PLACE_ROUTE_20260919T104511Z.json,60,none (reset before),True,True,0,True,154/154,True,True,False,2.51e-07,4.42e-10,2.51e-07,False,yes,HOME,start,tail_samples=60 (last 3.0s)  max_gross_err_deg=0.0  max_spread_deg=0.0  r_gripper=-0.0 (target -45.0),PARKED_AT_HOME=NO,stiff-zero,n/a,n/a,,,pass
S2-B1-c-r5,c,5,s1,setup,S2-B1-c-r5-setup,PLACE_ROUTE,B1_evidence,f577fc47616ab1b4d68e0173c1adec6d1110039372f0f68bed31e7f7d6715346,e6c30b7,e1_server_runs/run_20260919_090342,route_clearance_PLACE_ROUTE_20260919T104719Z.json,1282,rig_motion.deploy_to_rest,True,True,0,True,3209/3209,True,True,False,2.44e-07,4.31e-09,2.44e-07,False,yes,REST,end,tail_samples=61 (last 3.0s)  max_gross_err_deg=0.3  max_spread_deg=0.0  r_gripper=-45.0 (target -45.0),PARKED_AT_REST=yes,,D0 (route completed),returned,33.642706166,0.058058208,pass
S2-B1-c-r5,c,5,s1,flight,S2-B1-c-r5-flight,LIFT_TO_PRESENT,B1_evidence,f577fc47616ab1b4d68e0173c1adec6d1110039372f0f68bed31e7f7d6715346,e6c30b7,e1_server_runs/run_20260919_090342,route_clearance_LIFT_TO_PRESENT_20260919T105325Z.json,682,rig_motion.to_present,True,True,0,True,1708/1708,True,True,False,4.85e-07,4.98e-09,4.85e-07,False,yes,PRESENT,end,tail_samples=61 (last 3.0s)  max_gross_err_deg=1.0  max_spread_deg=0.0  r_gripper=-45.0 (target -45.0),PARKED_AT_PRESENT=yes,,D0 (route completed),returned,3.3834085,0.059789833,pass
S2-B1-a-r6,a,6,s1,parked,S2-B1-a-r6-parked,RAISE_TO_SIDE,B1_evidence,f577fc47616ab1b4d68e0173c1adec6d1110039372f0f68bed31e7f7d6715346,e6c30b7,e1_server_runs/run_20260919_090342,route_clearance_RAISE_TO_SIDE_20260919T105726Z.json,60,none (reset before),True,True,0,True,154/154,True,True,False,3.34e-07,4.42e-10,3.34e-07,False,yes,HOME,start,tail_samples=60 (last 3.0s)  max_gross_err_deg=0.0  max_spread_deg=0.0  r_gripper=-0.0 (target -45.0),PARKED_AT_HOME=NO,stiff-zero,n/a,n/a,,,pass
S2-B1-a-r6,a,6,s1,setup,S2-B1-a-r6-setup,RAISE_TO_SIDE,B1_evidence,f577fc47616ab1b4d68e0173c1adec6d1110039372f0f68bed31e7f7d6715346,e6c30b7,e1_server_runs/run_20260919_090342,route_clearance_RAISE_TO_SIDE_20260919T105938Z.json,1192,primitives.raise_to_side,True,True,0,True,2984/2984,True,True,False,1.01e-06,7.96e-09,1.01e-06,False,yes,PRESENT,end,tail_samples=60 (last 3.0s)  max_gross_err_deg=1.0  max_spread_deg=0.0  r_gripper=-45.0 (target -45.0),PARKED_AT_PRESENT=yes,,D0 (route completed),returned,33.851475542,0.058653916,pass
S2-B1-a-r6,a,6,s1,flight,S2-B1-a-r6-flight,LOWER_TO_REST,B1_evidence,f577fc47616ab1b4d68e0173c1adec6d1110039372f0f68bed31e7f7d6715346,e6c30b7,e1_server_runs/run_20260919_090342,route_clearance_LOWER_TO_REST_20260919T110605Z.json,748,rig_motion.from_present,True,True,0,True,1874/1874,True,True,False,2.11e-07,5.46e-09,2.11e-07,False,yes,REST,end,tail_samples=60 (last 3.0s)  max_gross_err_deg=0.3  max_spread_deg=0.0  r_gripper=-45.0 (target -45.0),PARKED_AT_REST=yes,,D0 (route completed),returned,6.706830292,0.05706075,pass
S2-B1-b-r6,b,6,s1,parked,S2-B1-b-r6-parked,PLACE_ROUTE,B1_evidence,f577fc47616ab1b4d68e0173c1adec6d1110039372f0f68bed31e7f7d6715346,e6c30b7,e1_server_runs/run_20260919_090342,route_clearance_PLACE_ROUTE_20260919T111041Z.json,60,none (reset before),True,True,0,True,154/154,True,True,False,1.83e-07,4.33e-10,1.83e-07,False,yes,HOME,start,tail_samples=60 (last 3.0s)  max_gross_err_deg=0.0  max_spread_deg=0.0  r_gripper=-0.0 (target -45.0),PARKED_AT_HOME=NO,stiff-zero,n/a,n/a,,,pass
S2-B1-b-r6,b,6,s1,flight,S2-B1-b-r6-flight,PLACE_ROUTE,B1_evidence,f577fc47616ab1b4d68e0173c1adec6d1110039372f0f68bed31e7f7d6715346,e6c30b7,e1_server_runs/run_20260919_090342,route_clearance_PLACE_ROUTE_20260919T111305Z.json,1282,rig_motion.deploy_to_rest,True,True,0,True,3208/3208,True,True,False,4.87e-07,9.18e-09,4.87e-07,False,yes,REST,end,tail_samples=61 (last 3.0s)  max_gross_err_deg=0.6  max_spread_deg=0.0  r_gripper=-44.5 (target -45.0),PARKED_AT_REST=yes,,D0 (route completed),returned,33.579446625,0.055009667,pass
S2-B1-c-r6,c,6,s1,parked,S2-B1-c-r6-parked,PLACE_ROUTE,B1_evidence,f577fc47616ab1b4d68e0173c1adec6d1110039372f0f68bed31e7f7d6715346,e6c30b7,,,,none (reset before),,,,,,,,,,,,,,HOME,start,,,,n/a,n/a,,,NOT FLOWN (session stopped)
S2-B1-c-r6,c,6,s1,setup,S2-B1-c-r6-setup,PLACE_ROUTE,B1_evidence,f577fc47616ab1b4d68e0173c1adec6d1110039372f0f68bed31e7f7d6715346,e6c30b7,,,,rig_motion.deploy_to_rest,,,,,,,,,,,,,,REST,end,,,,n/a,n/a,,,NOT FLOWN (session stopped)
S2-B1-c-r6,c,6,s1,flight,S2-B1-c-r6-flight,LIFT_TO_PRESENT,B1_evidence,f577fc47616ab1b4d68e0173c1adec6d1110039372f0f68bed31e7f7d6715346,e6c30b7,,,,rig_motion.to_present,,,,,,,,,,,,,,PRESENT,end,,,,n/a,n/a,,,NOT FLOWN (session stopped)
